<?xml version="1.0" encoding="UTF-8"?>
<beans:beans xmlns="http://www.springframework.org/schema/mvc"
	xmlns:xsi="http://www.w3.org/2001/XMLSchema-instance" xmlns:beans="http://www.springframework.org/schema/beans"
	xmlns:context="http://www.springframework.org/schema/context" xmlns:tx="http://www.springframework.org/schema/tx"
	xsi:schemaLocation="http://www.springframework.org/schema/mvc http://www.springframework.org/schema/mvc/spring-mvc.xsd
		http://www.springframework.org/schema/beans http://www.springframework.org/schema/beans/spring-beans.xsd
		http://www.springframework.org/schema/context http://www.springframework.org/schema/context/spring-context.xsd
		http://www.springframework.org/schema/tx http://www.springframework.org/schema/tx/spring-tx-4.0.xsd">

	<annotation-driven />
	
	<context:component-scan base-package="com.airhack" />
	
	<resources mapping="/resources/**" location="/resources/" />
	
	<beans:bean id="dataSource" class="org.apache.commons.dbcp.BasicDataSource"
		destroy-method="close">
		<beans:property name="driverClassName" value="com.mysql.cj.jdbc.Driver" />
		<beans:property name="url"
			value="jdbc:mysql://localhost:3306/airhackpurifier" />
		<beans:property name="username" value="root" />
		<beans:property name="password" value="Ve2U5tum|WAR" />
	</beans:bean>

	<beans:bean id="hibernate5AnnotatedSessionFactory"
		class="org.springframework.orm.hibernate5.LocalSessionFactoryBean">
		<beans:property name="dataSource" ref="dataSource" />
		<beans:property name="annotatedClasses">
			<beans:list>
				<beans:value>com.airhack.model.ZonePurifier</beans:value>
			</beans:list>
		</beans:property>
		<beans:property name="hibernateProperties">
			<beans:props>
				<beans:prop key="hibernate.hbm2ddl.auto">update</beans:prop>
			
				<beans:prop key="hibernate.dialect">org.hibernate.dialect.MySQL8Dialect
				</beans:prop>
				<beans:prop key="hibernate.show_sql">true</beans:prop>
			</beans:props>
		</beans:property>
	</beans:bean>
	<tx:annotation-driven transaction-manager="transactionManager"/>
	
	<beans:bean id="transactionManager" class="org.springframework.orm.hibernate5.HibernateTransactionManager">
		<beans:property name="sessionFactory" ref="hibernate5AnnotatedSessionFactory" />
	</beans:bean>

</beans:beans>

